"artist","firstName","gender","itemInSession","lastName","length","level","location","sessionId","song","userId"
"Sydney Youngblood","Jacob","M","53","Klein","238.07955","paid","Tampa-St. Petersburg-Clearwater, FL","954","Ain't No Sunshine","73"
"Gang Starr","Layla","F","88","Griffin","151.92771","paid","Lake Havasu City-Kingman, AZ","984","My Advice 2 You (Explicit)","24"
"3OH!3","Layla","F","89","Griffin","192.522","paid","Lake Havasu City-Kingman, AZ","984","My First Kiss (Feat. Ke$ha) [Album Version]","24"
"RÃÂ¶yksopp","Jacob","M","54","Klein","369.81506","paid","Tampa-St. Petersburg-Clearwater, FL","954","The Girl and The Robot","73"
"Kajagoogoo","Layla","F","90","Griffin","223.55546","paid","Lake Havasu City-Kingman, AZ","984","Too Shy","24"
"The Jimmy Castor Bunch","Layla","F","91","Griffin","306.54649","paid","Lake Havasu City-Kingman, AZ","984","Potential","24"
"Ministry","Jacob","M","55","Klein","186.69669","paid","Tampa-St. Petersburg-Clearwater, FL","954","The Great Satan (What Would Satan Do Mix)","73"
"Bouncing Souls","Jacob","M","56","Klein","117.31546","paid","Tampa-St. Petersburg-Clearwater, FL","954","The Screamer","73"
"Tegan And Sara","Layla","F","92","Griffin","129.67138","paid","Lake Havasu City-Kingman, AZ","984","Knife Going In (Album Version)","24"
"Silverchair","Layla","F","93","Griffin","242.96444","paid","Lake Havasu City-Kingman, AZ","984","The Greatest View (Album Version)","24"
"Enigma","Layla","F","94","Griffin","242.78159","paid","Lake Havasu City-Kingman, AZ","984","T.N.T. For The Brain (112 Bpm) (Radio Edit)","24"
"Anis","Layla","F","95","Griffin","278.12526","paid","Lake Havasu City-Kingman, AZ","984","Mon MÃÂ©tro","24"
"Seal","Layla","F","96","Griffin","254.06649","paid","Lake Havasu City-Kingman, AZ","984","Fly Like An Eagle","24"
"UNKLE Feat. Josh Homme","Layla","F","97","Griffin","307.19955","paid","Lake Havasu City-Kingman, AZ","984","Restless","24"
"Dwight Yoakam","Layla","F","98","Griffin","239.3073","paid","Lake Havasu City-Kingman, AZ","984","You're The One","24"
"Elastica","Layla","F","99","Griffin","141.92281","paid","Lake Havasu City-Kingman, AZ","984","Blue","24"
"Capone-N-Noreaga","Layla","F","100","Griffin","194.82077","paid","Lake Havasu City-Kingman, AZ","984","Channel 10","24"
"Morris Day","Layla","F","101","Griffin","442.46159","paid","Lake Havasu City-Kingman, AZ","984","The Oak Tree (Album Version)","24"
"Foo Fighters","Layla","F","102","Griffin","302.91546","paid","Lake Havasu City-Kingman, AZ","984","What If I Do?","24"
"Olive","Layla","F","103","Griffin","264.12363","paid","Lake Havasu City-Kingman, AZ","984","You're Not Alone","24"
"Olle Adolphson","Layla","F","104","Griffin","202.39628","paid","Lake Havasu City-Kingman, AZ","984","En Glad Calypso Om VÃÂ¥ren (Live '62)","24"
"Streetlight Manifesto","Ava","F","0","Robinson","303.33342","free","New Haven-Milford, CT","1011","Down_ Down_ Down To Mehphisto's Cafe (Album Version)","50"
"Frank Reyes","Layla","F","105","Griffin","239.67302","paid","Lake Havasu City-Kingman, AZ","984","Tu Eres Ajena","24"
"Andres Calamaro","Layla","F","106","Griffin","217.5473","paid","Lake Havasu City-Kingman, AZ","984","Estadio Azteca","24"
"Zero 7","Layla","F","107","Griffin","279.562","paid","Lake Havasu City-Kingman, AZ","984","Sleeper","24"
"Mark Ronson featuring Tiggers","Layla","F","108","Griffin","245.18485","paid","Lake Havasu City-Kingman, AZ","984","Toxic","24"
"Keith Sweat","Layla","F","109","Griffin","295.78404","paid","Lake Havasu City-Kingman, AZ","984","Merry Go Round (Remastered Single Version)","24"
"Wakey!Wakey!","Layla","F","110","Griffin","145.03138","paid","Lake Havasu City-Kingman, AZ","984","Square Peg Round Hole","24"
"The Mercury Program","Layla","F","111","Griffin","292.362","paid","Lake Havasu City-Kingman, AZ","984","Eqypt","24"
"Kid Cudi / Kanye West / Common","Layla","F","112","Griffin","237.76608","paid","Lake Havasu City-Kingman, AZ","984","Make Her Say","24"
"Nekromantix","Layla","F","113","Griffin","263.10485","paid","Lake Havasu City-Kingman, AZ","984","Nice Day For A Resurrection","24"
"J. Karjalainen & Mustat Lasit","Layla","F","115","Griffin","336.74404","paid","Lake Havasu City-Kingman, AZ","984","Sinisten tÃÂ¤htien alla","24"
"Matt Wertz","Layla","F","116","Griffin","171.17995","paid","Lake Havasu City-Kingman, AZ","984","Wade Through The Night","24"
"Insane Clown Posse","Layla","F","117","Griffin","233.82159","paid","Lake Havasu City-Kingman, AZ","984","My Axe","24"
"Thin Lizzy","Kaleb","M","0","Cook","214.59546","free","Yuba City, CA","951","It's Only Money","54"
"Crystal Castles","Kaleb","M","1","Cook","186.38322","free","Yuba City, CA","951","Untrust us","54"
"The Prodigy","Kaleb","M","2","Cook","302.602","free","Yuba City, CA","951","Full Throttle","54"
"Kid Cudi / Kanye West / Common","Kaleb","M","3","Cook","237.76608","free","Yuba City, CA","951","Make Her Say","54"
"Kim Carnes","Kaleb","M","4","Cook","217.28608","free","Yuba City, CA","951","Crazy In The Night (Barking At Airplanes)","54"
"The Velvet Underground","Lily","F","0","Burns","165.95546","free","New York-Newark-Jersey City, NY-NJ-PA","1045","White Light/White Heat","32"
"Katie Melua","Lily","F","1","Burns","218.09587","free","New York-Newark-Jersey City, NY-NJ-PA","1045","I Cried For You","32"
"Cedell Davis","Alivia","F","0","Terrell","178.36363","free","Parkersburg-Vienna, WV","587","Chicken Hawk","4"
"Frou Frou","Theodore","M","1","Smith","277.34159","free","Houston-The Woodlands-Sugar Land, TX","990","Breathe In","52"
"Justin Timberlake","Theodore","M","2","Smith","313.0771","free","Houston-The Woodlands-Sugar Land, TX","990","What Goes Around...Comes Around","52"
"Michael BublÃÂ©","Theodore","M","0","Harris","253.88363","free","Red Bluff, CA","1038","Moondance (Album Version)","14"
"Bill Withers","Theodore","M","1","Harris","383.73832","free","Red Bluff, CA","1038","Make Love To Your Mind","14"
"Cut Copy","Jordyn","F","0","Powell","267.54567","free","Philadelphia-Camden-Wilmington, PA-NJ-DE-MD","865","Feel The Love","98"
"School Of Seven Bells","Jordyn","F","1","Powell","176.97914","free","Philadelphia-Camden-Wilmington, PA-NJ-DE-MD","865","s.Ada.Licht","98"
"Rick Ross / T-Pain","Jayden","M","0","Fox","225.69751","free","New Orleans-Metairie, LA","1016","The Boss","101"
"Keri Hilson / Lil Wayne","Jayden","M","1","Fox","247.77098","free","New Orleans-Metairie, LA","1016","Turnin Me On","101"
"Cute Is What We Aim For","Chloe","F","0","Roth","222.22322","free","Indianapolis-Carmel-Anderson, IN","931","Risque (Album Version)","78"
"Los AutÃÂ©nticos Decadentes","Jayden","M","2","Fox","218.48771","free","New Orleans-Metairie, LA","1016","La Guitarra","101"
"June Carter Cash;Johnny Cash","Jayden","M","3","Fox","180.21832","free","New Orleans-Metairie, LA","1016","If I Were A Carpenter","101"
"I Set My Friends On Fire","Sylvie","F","0","Cruz","206.39302","free","Washington-Arlington-Alexandria, DC-VA-MD-WV","1005","But The NUNS Are Watching","10"
"King Cobb Steelie","Theodore","M","0","Smith","373.7073","free","Houston-The Woodlands-Sugar Land, TX","1055","Starvo","52"
"David Bowie","Chloe","F","0","Cuevas","174.41914","paid","San Francisco-Oakland-Hayward, CA","1041","Sorrow (1997 Digital Remaster)","49"
"J Dilla","Chloe","F","1","Cuevas","232.46322","paid","San Francisco-Oakland-Hayward, CA","1041","Won't Do","49"
"Hot Hot Heat","Chloe","F","2","Cuevas","295.02649","paid","San Francisco-Oakland-Hayward, CA","1041","In Cairo","49"
"Norther","Chloe","F","3","Cuevas","236.85179","paid","San Francisco-Oakland-Hayward, CA","1041","We Rock","49"
"Postal Service","Chloe","F","4","Cuevas","226.61179","paid","San Francisco-Oakland-Hayward, CA","1041","Nothing Better (Album)","49"
"311","Chloe","F","5","Cuevas","264.56771","paid","San Francisco-Oakland-Hayward, CA","1041","Something Out Of Nothing","49"
"Jonas Brothers","Chloe","F","6","Cuevas","249.67791","paid","San Francisco-Oakland-Hayward, CA","1041","When You Look Me In The Eyes","49"
"Platero Y Tu","Chloe","F","7","Cuevas","368.29995","paid","San Francisco-Oakland-Hayward, CA","1041","Cantalojas","49"
"Martina McBride","Chloe","F","8","Cuevas","193.802","paid","San Francisco-Oakland-Hayward, CA","1041","In My Daughter's Eyes","49"
"Ben Folds Five","Chloe","F","9","Cuevas","292.23138","paid","San Francisco-Oakland-Hayward, CA","1041","Smoke","49"
"Seine","Chloe","F","10","Cuevas","173.66159","paid","San Francisco-Oakland-Hayward, CA","1041","So far so long","49"
"Shinedown","Chloe","F","11","Cuevas","258.97751","paid","San Francisco-Oakland-Hayward, CA","1041","What A Shame (Album Version)","49"
"Iva","Chloe","F","12","Cuevas","205.322","paid","San Francisco-Oakland-Hayward, CA","1041","Vanity Case (nouvelle version)","49"
"Cathy Davey","Chloe","F","13","Cuevas","273.52771","paid","San Francisco-Oakland-Hayward, CA","1041","Hammerhead (Explicit)","49"
"Jorge Reyes Valencia","Chloe","F","14","Cuevas","127.81669","paid","San Francisco-Oakland-Hayward, CA","1041","Hekura","49"
"Sonic Youth","Chloe","F","15","Cuevas","299.10159","paid","San Francisco-Oakland-Hayward, CA","1041","Candle","49"
"John Mayer","Chloe","F","16","Cuevas","241.99791","paid","San Francisco-Oakland-Hayward, CA","1041","Slow Dancing In A Burning Room","49"
"Jason Mraz","Rylan","M","2","George","235.49342","paid","Birmingham-Hoover, AL","983","Geek In The Pink (Album Version)","16"
"Daft Punk","Chloe","F","17","Cuevas","283.19302","paid","San Francisco-Oakland-Hayward, CA","1041","Technologic","49"
"Flyleaf","Rylan","M","3","George","184.89424","paid","Birmingham-Hoover, AL","983","Again","16"
"Flight Of The Conchords","Lily","F","0","Burns","206.8371","free","New York-Newark-Jersey City, NY-NJ-PA","1058","Carol Brown","32"
"Tub Ring","Chloe","F","18","Cuevas","233.69098","paid","San Francisco-Oakland-Hayward, CA","1041","Invalid","49"
"Aesop Rock","Ryan","M","1","Smith","266.16118","free","San Jose-Sunnyvale-Santa Clara, CA","1046","Daylight","26"
"Two Door Cinema Club","Rylan","M","4","George","168.09751","paid","Birmingham-Hoover, AL","983","Undercover Martyn","16"
"Leftover Crack","Lily","F","1","Burns","254.98077","free","New York-Newark-Jersey City, NY-NJ-PA","1058","Clear Channel (Fuck Off!)","32"
"Tiny Vipers","Chloe","F","19","Cuevas","210.23302","paid","San Francisco-Oakland-Hayward, CA","1041","They Might Follow You","49"
"Miley Cyrus","Rylan","M","5","George","236.85179","paid","Birmingham-Hoover, AL","983","The Climb","16"
"Foolish Things","Ryan","M","2","Smith","266.86649","free","San Jose-Sunnyvale-Santa Clara, CA","1046","Who Can Compare","26"
"Justin Bieber","Chloe","F","20","Cuevas","220.89098","paid","San Francisco-Oakland-Hayward, CA","1041","Somebody To Love","49"
"Jarabe De Palo","Rylan","M","6","George","283.14077","paid","Birmingham-Hoover, AL","983","Tiempo","16"
"Kings Of Leon","James","M","0","Martin","238.8371","free","Dallas-Fort Worth-Arlington, TX","761","Happy Alone","79"
"Clarence Carter","Ryan","M","3","Smith","161.4624","free","San Jose-Sunnyvale-Santa Clara, CA","1046","I Smell A Rat (LP Version)","26"
"Purple Ribbon All-Stars feat. Big Boi","Chloe","F","21","Cuevas","242.83383","paid","San Francisco-Oakland-Hayward, CA","1041","Kryptonite (Radio Edit) (feat. Big Boi)","49"
"Hannah Montana","Rylan","M","7","George","202.03057","paid","Birmingham-Hoover, AL","983","Old Blue Jeans","16"
"Iyaz","Chloe","F","22","Cuevas","181.9424","paid","San Francisco-Oakland-Hayward, CA","1041","Replay","49"
"Plastilina Mosh","Ryan","M","8","Smith","236.56444","free","San Jose-Sunnyvale-Santa Clara, CA","1046","Aquamosh","26"
"Common","Rylan","M","8","George","144.16934","paid","Birmingham-Hoover, AL","983","Be (Intro)","16"
"Chris Brown","Chloe","F","23","Cuevas","275.1473","paid","San Francisco-Oakland-Hayward, CA","1041","I May Never Find","49"
"iio","Rylan","M","9","George","217.80853","paid","Birmingham-Hoover, AL","983","Runaway (Original)","16"
"Eric B. & Rakim","Ryan","M","9","Smith","224.23465","free","San Jose-Sunnyvale-Santa Clara, CA","1046","Eric B. Is On The Cut","26"
"Carla Thomas","Rylan","M","10","George","174.62812","paid","Birmingham-Hoover, AL","983","A Woman's Love   (LP Version)","16"
"Five Finger Death Punch","Chloe","F","24","Cuevas","180.32281","paid","San Francisco-Oakland-Hayward, CA","1041","Falling in Hate","49"
"Sting","Rylan","M","11","George","285.93587","paid","Birmingham-Hoover, AL","983","Desert Rose","16"
"Chiodos","Chloe","F","25","Cuevas","143.20281","paid","San Francisco-Oakland-Hayward, CA","1041","If I Cut My Hair_ Hawaii Will Sink (Album Version)","49"
"Dion & The Belmonts","Chloe","F","26","Cuevas","138.65751","paid","San Francisco-Oakland-Hayward, CA","1041","I Wonder Why","49"
"T.I.","Rylan","M","12","George","261.98159","paid","Birmingham-Hoover, AL","983","Prayin For Help (Amended Album Version)","16"
"The Black Keys","Chloe","F","27","Cuevas","224.49587","paid","San Francisco-Oakland-Hayward, CA","1041","Sinister Kid","49"
"Bon Iver","Rylan","M","13","George","218.98404","paid","Birmingham-Hoover, AL","983","Flume","16"
"OneRepublic","Chloe","F","28","Cuevas","237.97506","paid","San Francisco-Oakland-Hayward, CA","1041","All The Right Moves","49"
"Cameo","Rylan","M","14","George","263.52281","paid","Birmingham-Hoover, AL","983","Word Up","16"
"Mos Def / Slick Rick","Chloe","F","29","Cuevas","274.442","paid","San Francisco-Oakland-Hayward, CA","1041","Auditorium","49"
"HAMMERFALL","Rylan","M","15","George","236.01587","paid","Birmingham-Hoover, AL","983","Hallowed Be My Name","16"
"Plies","Chloe","F","30","Cuevas","223.65995","paid","San Francisco-Oakland-Hayward, CA","1041","I Am The Club (Explicit Album Version)","49"
"Slaid Cleaves","Rylan","M","16","George","198.76526","paid","Birmingham-Hoover, AL","983","Hearts Break","16"
"Todd Barry","Chloe","F","31","Cuevas","126.82404","paid","San Francisco-Oakland-Hayward, CA","1041","Sugar Ray (LP Version)","49"
"Taylor Swift","Chloe","F","32","Cuevas","245.36771","paid","San Francisco-Oakland-Hayward, CA","1041","The Way I Loved You","49"
"Minnie Riperton","Rylan","M","17","George","287.79057","paid","Birmingham-Hoover, AL","983","Inside My Love","16"
"Flying Lotus","Chloe","F","33","Cuevas","181.52444","paid","San Francisco-Oakland-Hayward, CA","1041","Comet Course","49"
"Muse","Rylan","M","18","George","211.12118","paid","Birmingham-Hoover, AL","983","Can't Take My Eyes Off You","16"
"Edenbridge","Chloe","F","34","Cuevas","137.69098","paid","San Francisco-Oakland-Hayward, CA","1041","Elsewhere","49"
"Frank Ifield","Rylan","M","19","George","138.23955","paid","Birmingham-Hoover, AL","983","Hong Kong Blues","16"
"Dwight Yoakam","Chloe","F","35","Cuevas","239.3073","paid","San Francisco-Oakland-Hayward, CA","1041","You're The One","49"
"Jay-Z","Rylan","M","20","George","245.68118","paid","Birmingham-Hoover, AL","983","Threat","16"
"Angels and Airwaves","Chloe","F","36","Cuevas","302.05342","paid","San Francisco-Oakland-Hayward, CA","1041","The Gift","49"
"Stone Sour","Rylan","M","21","George","236.77342","paid","Birmingham-Hoover, AL","983","Idle Hands (Album Version)","16"
"Dwight Yoakam","Chloe","F","37","Cuevas","239.3073","paid","San Francisco-Oakland-Hayward, CA","1041","You're The One","49"
"The Airborne Toxic Event","Rylan","M","22","George","237.13914","paid","Birmingham-Hoover, AL","983","Wishing Well","16"
"3 Doors Down","Chloe","F","38","Cuevas","237.13914","paid","San Francisco-Oakland-Hayward, CA","1041","Here Without You","49"
"Hazmat Modine","Rylan","M","23","George","285.02159","paid","Birmingham-Hoover, AL","983","Dry Spell","16"
"OneRepublic","Chloe","F","39","Cuevas","224.67873","paid","San Francisco-Oakland-Hayward, CA","1041","Secrets","49"
"Liz Phair","Rylan","M","24","George","187.34975","paid","Birmingham-Hoover, AL","983","Fuck and Run","16"
"Nickelback","Chloe","F","40","Cuevas","238.18404","paid","San Francisco-Oakland-Hayward, CA","1041","Far Away (Album Version)","49"
"Massive Attack","Rylan","M","25","George","326.60853","paid","Birmingham-Hoover, AL","983","Girl I Love You","16"
"Madonna","Chloe","F","41","Cuevas","266.89261","paid","San Francisco-Oakland-Hayward, CA","1041","Beat Goes On [Featuring Kanye West] (Album Version)","49"
"Sick Puppies","Rylan","M","26","George","227.83955","paid","Birmingham-Hoover, AL","983","Don't Walk Away","16"
"Pixies","Chloe","F","42","Cuevas","184.2673","paid","San Francisco-Oakland-Hayward, CA","1041","Bone Machine","49"
"Andres Calamaro","Rylan","M","27","George","65.88036","paid","Birmingham-Hoover, AL","983","Mi Marfil","16"
"Aesop Rock","Chloe","F","43","Cuevas","245.65506","paid","San Francisco-Oakland-Hayward, CA","1041","None Shall Pass (Main)","49"
"The Subways","Rylan","M","28","George","182.17751","paid","Birmingham-Hoover, AL","983","With You","16"
"Enya","Rylan","M","29","George","179.90485","paid","Birmingham-Hoover, AL","983","To Go Beyond (II)","16"
"P!nk","Chloe","F","44","Cuevas","227.02975","paid","San Francisco-Oakland-Hayward, CA","1041","Glitter In The Air","49"
"JosÃÂ© Gonzalez","Rylan","M","30","George","158.48444","paid","Birmingham-Hoover, AL","983","Heartbeats","16"
"Passion","Avery","F","1","Martinez","405.10649","paid","Atlanta-Sandy Springs-Roswell, GA","1017","Better Is One Day (Stereo Trax)","82"
"The Cat Empire","Chloe","F","45","Cuevas","316.65587","paid","San Francisco-Oakland-Hayward, CA","1041","Two Shoes","49"
"Mariah Carey","Rylan","M","31","George","246.09914","paid","Birmingham-Hoover, AL","983","Someday","16"
"Restiform Bodies","Rylan","M","32","George","229.14567","paid","Birmingham-Hoover, AL","983","Interactive Halloween Bear","16"
"Alice Deejay","Avery","F","2","Martinez","216.5024","paid","Atlanta-Sandy Springs-Roswell, GA","1017","Better Off Alone","82"
"Interpol","Chloe","F","46","Cuevas","200.202","paid","San Francisco-Oakland-Hayward, CA","1041","Next Evil","49"
"Usher featuring will.i.am","Aleena","F","0","Kirby","395.72853","paid","Waterloo-Cedar Falls, IA","1003","OMG","44"
"Lupe Fiasco feat. Matthew Santos","Chloe","F","47","Cuevas","213.34159","paid","San Francisco-Oakland-Hayward, CA","1041","Fighters (feat. Matthew Santos) (Amended Album Version)","49"
"Los AutÃÂ©nticos Decadentes","Avery","F","3","Martinez","218.48771","paid","Atlanta-Sandy Springs-Roswell, GA","1017","La Guitarra","82"
"Brand New Disaster","Rylan","M","33","George","190.82404","paid","Birmingham-Hoover, AL","983","At Least It's Raining","16"
"Shinedown","Rylan","M","34","George","229.43302","paid","Birmingham-Hoover, AL","983","Breaking Inside (Album Version)","16"
"Cocorosie","Chloe","F","48","Cuevas","232.17587","paid","San Francisco-Oakland-Hayward, CA","1041","The Moon Asked The Crow","49"
"LegiÃÂ£o Urbana","Avery","F","4","Martinez","307.3824","paid","Atlanta-Sandy Springs-Roswell, GA","1017","Pais E Filhos","82"
"Cameo","Aleena","F","1","Kirby","211.98322","paid","Waterloo-Cedar Falls, IA","1003","Word Up!","44"
"Atmosphere","Rylan","M","35","George","244.61016","paid","Birmingham-Hoover, AL","983","Dreamer","16"
"Matthew Good","Aleena","F","4","Kirby","319.16363","paid","Waterloo-Cedar Falls, IA","1003","Born Losers","44"
"The Avett Brothers","Chloe","F","49","Cuevas","227.99628","paid","San Francisco-Oakland-Hayward, CA","1041","January Wedding","49"
"James Newton Howard","Alivia","F","0","Terrell","141.5571","free","Parkersburg-Vienna, WV","1054","I'm Sorry","4"
"Lily Allen","Avery","F","5","Martinez","206.65424","paid","Atlanta-Sandy Springs-Roswell, GA","1017","The Fear","82"
"Kings Of Leon","Chloe","F","50","Cuevas","201.79546","paid","San Francisco-Oakland-Hayward, CA","1041","Revelry","49"
"Eric B. & Rakim","Rylan","M","36","George","281.86077","paid","Birmingham-Hoover, AL","983","I Know You Got Soul","16"
"Eminem","Avery","F","6","Martinez","248.2673","paid","Atlanta-Sandy Springs-Roswell, GA","1017","Hello","82"
"David Gray","Chloe","F","51","Cuevas","217.33832","paid","San Francisco-Oakland-Hayward, CA","1041","Stella The Artist","49"
"Sade","Rylan","M","37","George","278.46485","paid","Birmingham-Hoover, AL","983","The Sweetest Taboo","16"
"BeyoncÃÂ© feat. Jay-Z","Avery","F","7","Martinez","219.19302","paid","Atlanta-Sandy Springs-Roswell, GA","1017","That's How You Like It","82"
"Kato","Chloe","F","52","Cuevas","195.47383","paid","San Francisco-Oakland-Hayward, CA","1041","Hey Shorty (Yeah Yeah Pt. II) (Feat. U$O & Johnson)","49"
"Wise Intelligent","Avery","F","8","Martinez","300.56444","paid","Atlanta-Sandy Springs-Roswell, GA","1017","I'll Never Kill Again","82"
"El Arrebato","Rylan","M","38","George","234.57914","paid","Birmingham-Hoover, AL","983","Quiero Quererte Querer","16"
"The Strokes","Chloe","F","53","Cuevas","155.34975","paid","San Francisco-Oakland-Hayward, CA","1041","Is This It","49"
"50 Cent","Chloe","F","54","Cuevas","223.89506","paid","San Francisco-Oakland-Hayward, CA","1041","I Get Money","49"
"Dorsey Burnette","Rylan","M","39","George","125.85751","paid","Birmingham-Hoover, AL","983","(There Was A) Tall Oak Tree","16"
"America","Avery","F","9","Martinez","262.89587","paid","Atlanta-Sandy Springs-Roswell, GA","1017","Horse With No Name","82"
"Mesa (Portuguese Group)","Rylan","M","40","George","246.33424","paid","Birmingham-Hoover, AL","983","VÃÂ­cio De Ti","16"
"Alaska Y Dinarama","Chloe","F","55","Cuevas","231.44444","paid","San Francisco-Oakland-Hayward, CA","1041","Solo Creo Lo Que Veo","49"
"Rammstein","Avery","F","10","Martinez","244.40118","paid","Atlanta-Sandy Springs-Roswell, GA","1017","Sehnsucht","82"
"Damien Rice","Rylan","M","41","George","284.29016","paid","Birmingham-Hoover, AL","983","Woman Like A Man","16"
"Vittorio Lue","Avery","F","11","Martinez","33.802","paid","Atlanta-Sandy Springs-Roswell, GA","1017","Sequencer Mood 1","82"
"Scissor Sisters","Avery","F","12","Martinez","209.34485","paid","Atlanta-Sandy Springs-Roswell, GA","1017","Ooh","82"
"The Coffee Club Orchestra","Rylan","M","42","George","386.76853","paid","Birmingham-Hoover, AL","983","Overture","16"
"Eagle-Eye Cherry","Avery","F","13","Martinez","242.78159","paid","Atlanta-Sandy Springs-Roswell, GA","1017","Save Tonight","82"
"Curtis Mayfield","Avery","F","14","Martinez","534.33424","paid","Atlanta-Sandy Springs-Roswell, GA","1017","Move On Up (Extended LP Version)","82"
"Russian Circles","Rylan","M","43","George","346.20036","paid","Birmingham-Hoover, AL","983","Death Rides a Horse","16"
"Casiotone For The Painfully Alone","Joseph","M","0","Gutierrez","139.41506","free","Columbia, SC","721","Old Panda Days (w/ Nick Krgovich)","75"
"Ron Carter","Chloe","F","57","Cuevas","497.13587","paid","San Francisco-Oakland-Hayward, CA","1041","I CAN'T GET STARTED","49"
"Metallica","Joseph","M","2","Gutierrez","386.66404","free","Columbia, SC","721","No Remorse","75"
"Captain Sensible","Rylan","M","44","George","338.72934","paid","Birmingham-Hoover, AL","983","Wot","16"
"Renato Carosone","Walter","M","0","Frye","192.57424","free","San Francisco-Oakland-Hayward, CA","1047","Blues (2005 Digital Remaster)","39"
"Tub Ring","Avery","F","17","Martinez","233.69098","paid","Atlanta-Sandy Springs-Roswell, GA","1017","Invalid","82"
"Escape The Fate","Joseph","M","3","Gutierrez","259.39546","free","Columbia, SC","721","Harder Than You Know","75"
"Yael NaÃÂ¯m","Chloe","F","58","Cuevas","214.85669","paid","San Francisco-Oakland-Hayward, CA","1041","New Soul","49"
"Radiohead","Rylan","M","45","George","317.93587","paid","Birmingham-Hoover, AL","983","Weird Fishes/Arpeggi","16"
"Death Cab for Cutie","Avery","F","18","Martinez","216.42404","paid","Atlanta-Sandy Springs-Roswell, GA","1017","A Lack Of Color (Album Version)","82"
"New Order","Chloe","F","59","Cuevas","313.62567","paid","San Francisco-Oakland-Hayward, CA","1041","Sooner Than You Think","49"
"Dwight Yoakam","Avery","F","19","Martinez","239.3073","paid","Atlanta-Sandy Springs-Roswell, GA","1017","You're The One","82"
"Fukkk Offf","Rylan","M","46","George","409.05098","paid","Birmingham-Hoover, AL","983","Love My Shake","16"
"Slipknot","Chloe","F","60","Cuevas","159.76444","paid","San Francisco-Oakland-Hayward, CA","1041","Spit It Out [Explicit]","49"
"Slaves To Gravity","Avery","F","20","Martinez","225.25342","paid","Atlanta-Sandy Springs-Roswell, GA","1017","Big Red","82"
"Kings Of Leon","Chloe","F","61","Cuevas","242.99057","paid","San Francisco-Oakland-Hayward, CA","1041","Holy Roller Novocaine","49"
"Barry Tuckwell/Academy of St Martin-in-the-Fields/Sir Neville Marriner","Rylan","M","48","George","277.15873","paid","Birmingham-Hoover, AL","983","Horn Concerto No. 4 in E flat K495: II. Romance (Andante cantabile)","16"
"Amos Lee","Avery","F","21","Martinez","259.26485","paid","Atlanta-Sandy Springs-Roswell, GA","1017","All My Friends","82"
"Duncan Dhu","Chloe","F","62","Cuevas","202.91873","paid","San Francisco-Oakland-Hayward, CA","1041","No Puedo Evitar (Pensar En Ti)","49"
"Reel Big Fish","Rylan","M","49","George","185.80853","paid","Birmingham-Hoover, AL","983","She Has A Girlfriend Now","16"
"Amon Amarth","Avery","F","22","Martinez","298.55302","paid","Atlanta-Sandy Springs-Roswell, GA","1017","Burning Creation","82"
"John Mayer","Chloe","F","63","Cuevas","241.6322","paid","San Francisco-Oakland-Hayward, CA","1041","Back To You","49"
"The 69 Eyes","Rylan","M","50","George","224.78322","paid","Birmingham-Hoover, AL","983","Don't Turn Your Back On Fear","16"
"Ladytron","Avery","F","23","Martinez","278.07302","paid","Atlanta-Sandy Springs-Roswell, GA","1017","Ladybird","82"
"Leonard Cohen","Chloe","F","64","Cuevas","307.43465","paid","San Francisco-Oakland-Hayward, CA","1041","Famous Blue Raincoat","49"
"Bright Eyes","Aleena","F","0","Kirby","200.72444","paid","Waterloo-Cedar Falls, IA","1069","Take It Easy (love Nothing) (Album Version)","44"
"Gym Class Heroes","Rylan","M","51","George","428.77342","paid","Birmingham-Hoover, AL","983","Live Forever [Fly With Me] [feat. Daryl Hall]","16"
"Beverley Craven","Avery","F","24","Martinez","219.34975","paid","Atlanta-Sandy Springs-Roswell, GA","1017","Promise Me","82"
"Masta Killa","Chloe","F","65","Cuevas","195.70893","paid","San Francisco-Oakland-Hayward, CA","1041","Ringing Bells","49"
"Andre Hazes","Avery","F","25","Martinez","206.70649","paid","Atlanta-Sandy Springs-Roswell, GA","1017","Droomland (duet met Paul de Leeuw)","82"
"Beirut","Chloe","F","66","Cuevas","185.15546","paid","San Francisco-Oakland-Hayward, CA","1041","My Night With the Prostitute From Marseille","49"
"Tyrone Wells","Rylan","M","52","George","275.80036","paid","Birmingham-Hoover, AL","983","This Is Beautiful","16"
"Melanie","Chloe","F","68","Cuevas","245.86404","paid","San Francisco-Oakland-Hayward, CA","1041","Look What They Done To My Song_ Ma","49"
"Jimmy Eat World","Avery","F","30","Martinez","166.00771","paid","Atlanta-Sandy Springs-Roswell, GA","1017","The Middle","82"
"Blackstreet","Rylan","M","53","George","26.90567","paid","Birmingham-Hoover, AL","983","Taja's Lude (Interlude)","16"
"Omara Portuondo","Rylan","M","54","George","202.86649","paid","Birmingham-Hoover, AL","983","Juramento","16"
"Jack Johnson","Avery","F","31","Martinez","146.25914","paid","Atlanta-Sandy Springs-Roswell, GA","1017","The News","82"
"Melody Gardot","Chloe","F","69","Cuevas","245.83791","paid","San Francisco-Oakland-Hayward, CA","1041","Love Me Like A River Does","49"
"Charttraxx Karaoke","Avery","F","32","Martinez","225.17506","paid","Atlanta-Sandy Springs-Roswell, GA","1017","Fireflies","82"
"Grant Lee Buffalo","Rylan","M","55","George","169.76934","paid","Birmingham-Hoover, AL","983","Mighty Joe Moon","16"
"Radiohead","Rylan","M","56","George","261.45914","paid","Birmingham-Hoover, AL","983","Karma Police","16"
"Madeleine Peyroux","Avery","F","33","Martinez","258.71628","paid","Atlanta-Sandy Springs-Roswell, GA","1017","Love And Treachery","82"
"Bon Jovi","Rylan","M","57","George","224.522","paid","Birmingham-Hoover, AL","983","It's My Life","16"
"James Taylor","Avery","F","34","Martinez","338.80771","paid","Atlanta-Sandy Springs-Roswell, GA","1017","Country Road","82"
"Jesse Cook","Rylan","M","58","George","301.71383","paid","Birmingham-Hoover, AL","983","CanciÃÂ³n Triste","16"
"The Black Keys","Avery","F","35","Martinez","239.59465","paid","Atlanta-Sandy Springs-Roswell, GA","1017","Unknown Brother","82"
"Radiohead","Rylan","M","59","George","284.44689","paid","Birmingham-Hoover, AL","983","Kid A","16"
"Randy Crawford","Avery","F","36","Martinez","270.75873","paid","Atlanta-Sandy Springs-Roswell, GA","1017","Almaz","82"
"Randy Crawford","Rylan","M","60","George","270.75873","paid","Birmingham-Hoover, AL","983","Almaz","16"
"Dr. Alban","Avery","F","37","Martinez","210.05016","paid","Atlanta-Sandy Springs-Roswell, GA","1017","Born In Africa","82"
"Two Door Cinema Club","Rylan","M","61","George","189.67465","paid","Birmingham-Hoover, AL","983","What You Know","16"
"The Avett Brothers","Avery","F","38","Martinez","287.97342","paid","Atlanta-Sandy Springs-Roswell, GA","1017","Head Full Of Doubt/Road Full Of Promise","82"
"The Bravery","Rylan","M","62","George","187.37587","paid","Birmingham-Hoover, AL","983","Hot Pursuit","16"
"Greg Dulli","Avery","F","39","Martinez","221.17832","paid","Atlanta-Sandy Springs-Roswell, GA","1017","Pussywillow","82"
"Guns N' Roses","Rylan","M","63","George","284.05506","paid","Birmingham-Hoover, AL","983","Don't Cry (Original)","16"
"Major Organ And The Adding Machine","Avery","F","40","Martinez","46.05342","paid","Atlanta-Sandy Springs-Roswell, GA","1017","Kissing Behind The Rubbery Grinder","82"
"RJD2","Avery","F","41","Martinez","237.53098","paid","Atlanta-Sandy Springs-Roswell, GA","1017","Beyond The Beyond (Instrumental)","82"
"Fatback","Rylan","M","64","George","315.66322","paid","Birmingham-Hoover, AL","983","Yum Yum (Gimme Some)","16"
"Secos And Molhados","Avery","F","42","Martinez","66.16771","paid","Atlanta-Sandy Springs-Roswell, GA","1017","Caixinha De MÃÂºsica Do JoÃÂ£o","82"
"Marc Almond","Avery","F","43","Martinez","197.17179","paid","Atlanta-Sandy Springs-Roswell, GA","1017","Mr. Sad","82"
"The Tallest Man On Earth","Rylan","M","66","George","197.40689","paid","Birmingham-Hoover, AL","983","A Lion's Heart","16"
"Pavement","Avery","F","44","Martinez","149.83791","paid","Atlanta-Sandy Springs-Roswell, GA","1017","Heaven Is A Truck","82"
"Kanye West","Rylan","M","67","George","311.92771","paid","Birmingham-Hoover, AL","983","Stronger","16"
"Against Me!","Avery","F","45","Martinez","129.43628","paid","Atlanta-Sandy Springs-Roswell, GA","1017","ClichÃÂ© Guevara","82"
"Rah Digga","Rylan","M","68","George","384.10404","paid","Birmingham-Hoover, AL","983","Imperial (LP Amended Version)","16"
"Pat Metheny Group","Avery","F","50","Martinez","324.8322","paid","Atlanta-Sandy Springs-Roswell, GA","1017","Always and Forever","82"
"Harmonia","Rylan","M","69","George","655.77751","paid","Birmingham-Hoover, AL","983","Sehr kosmisch","16"
"David Lee Roth","Rylan","M","70","George","171.83302","paid","Birmingham-Hoover, AL","983","California Girls (Album Version)","16"
"Michael Cretu","Rylan","M","71","George","301.06077","paid","Birmingham-Hoover, AL","983","The Invisible Man","16"
"Haloo Helsinki!","Rylan","M","72","George","223.42485","paid","Birmingham-Hoover, AL","983","Kaaos ei karkaa","16"
"Chali 2na","Chloe","F","72","Cuevas","176.8224","paid","San Francisco-Oakland-Hayward, CA","1041","MC Material","49"
"Radiohead","Chloe","F","73","Cuevas","129.56689","paid","San Francisco-Oakland-Hayward, CA","1041","Faust Arp","49"
"Andre Hazes","Chloe","F","74","Cuevas","206.70649","paid","San Francisco-Oakland-Hayward, CA","1041","Droomland (duet met Paul de Leeuw)","49"
"Rise Against","Chloe","F","75","Cuevas","242.25914","paid","San Francisco-Oakland-Hayward, CA","1041","Savior","49"
"Sepultura","Chloe","F","76","Cuevas","186.5922","paid","San Francisco-Oakland-Hayward, CA","1041","Ostia","49"
"Screaming Trees","Chloe","F","77","Cuevas","218.30485","paid","San Francisco-Oakland-Hayward, CA","1041","Witness","49"
"Spencer Davis Group","Chloe","F","78","Cuevas","244.94975","paid","San Francisco-Oakland-Hayward, CA","1041","Crossfire","49"
"Lionel Richie","Chloe","F","79","Cuevas","310.69995","paid","San Francisco-Oakland-Hayward, CA","1041","Still","49"
"Skinlab","Chloe","F","80","Cuevas","277.89016","paid","San Francisco-Oakland-Hayward, CA","1041","So Far From The Truth","49"
"Larry Sparks","Tegan","F","3","Levine","265.50812","paid","Portland-South Portland, ME","1065","Follow The Star","80"
"Eastmountainsouth","Chloe","F","81","Cuevas","237.58322","paid","San Francisco-Oakland-Hayward, CA","1041","You Dance","49"
"Bon Jovi","Tegan","F","4","Levine","228.85832","paid","Portland-South Portland, ME","1065","Have A Nice Day","80"
"Diam's","Chloe","F","82","Cuevas","220.62975","paid","San Francisco-Oakland-Hayward, CA","1041","La Boulette (GÃÂ©nÃÂ©ration Nan Nan)","49"
"Porcupine Tree","Chloe","F","83","Cuevas","263.60118","paid","San Francisco-Oakland-Hayward, CA","1041","Blackest Eyes (Album Version)","49"
"Blackfield","Tegan","F","5","Levine","311.82322","paid","Portland-South Portland, ME","1065","Once","80"
"Kate Bush","Chloe","F","84","Cuevas","177.05751","paid","San Francisco-Oakland-Hayward, CA","1041","Kite","49"
"Clinic","Tegan","F","6","Levine","156.21179","paid","Portland-South Portland, ME","1065","Walking With Thee","80"
"Muse","Chloe","F","85","Cuevas","277.31546","paid","San Francisco-Oakland-Hayward, CA","1041","Darkshines [Live From Le Zenith]","49"
"Shakira","Tegan","F","7","Levine","322.79465","paid","Portland-South Portland, ME","1065","TÃÂº","80"
"Jellyfish","Chloe","F","86","Cuevas","143.17669","paid","San Francisco-Oakland-Hayward, CA","1041","Sebrina_ Paste And Plato","49"
"The Verve","Tegan","F","8","Levine","360.25424","paid","Portland-South Portland, ME","1065","Bitter Sweet Symphony","80"
"Toro Y Moi","Chloe","F","87","Cuevas","133.85098","paid","San Francisco-Oakland-Hayward, CA","1041","Lissoms","49"
"Simon Harris","Chloe","F","88","Cuevas","195.83955","paid","San Francisco-Oakland-Hayward, CA","1041","Sample Track 2","49"
"Linkin Park","Tegan","F","9","Levine","197.51138","paid","Portland-South Portland, ME","1065","Figure.09 (Album Version)","80"
"Michael W. Smith","Chloe","F","89","Cuevas","381.88363","paid","San Francisco-Oakland-Hayward, CA","1041","The Wonderful Cross","49"
"Underworld","Tegan","F","10","Levine","329.53424","paid","Portland-South Portland, ME","1065","Teardrop","80"
"Nickelback","Chloe","F","90","Cuevas","274.65098","paid","San Francisco-Oakland-Hayward, CA","1041","This Afternoon (Album Version)","49"
"Jackson Do Pandeiro","Martin","M","2","Johnson","157.51791","free","Minneapolis-St. Paul-Bloomington, MN-WI","1008","O Canto Da Ema","55"
"John Mayer","Tegan","F","11","Levine","269.71383","paid","Portland-South Portland, ME","1065","Heartbreak Warfare","80"
"Triumvirat","Martin","M","3","Johnson","294.81751","free","Minneapolis-St. Paul-Bloomington, MN-WI","1008","Waterfall","55"
"Hausmylly","Chloe","F","91","Cuevas","207.75138","paid","San Francisco-Oakland-Hayward, CA","1041","TAVALLINEN TARINA","49"
"Thousand Foot Krutch","Tegan","F","12","Levine","180.58404","paid","Portland-South Portland, ME","1065","Step To Me","80"
"Enya","Chloe","F","92","Cuevas","218.53995","paid","San Francisco-Oakland-Hayward, CA","1041","Only Time (Original Version)","49"
"Billie The Vision & The Dancers","Martin","M","4","Johnson","136.46322","free","Minneapolis-St. Paul-Bloomington, MN-WI","1008","Still be Friends","55"
"Claudio Minore","Tegan","F","13","Levine","282.01751","paid","Portland-South Portland, ME","1065","Non Saprai Mai","80"
"Charttraxx Karaoke","Martin","M","5","Johnson","225.17506","free","Minneapolis-St. Paul-Bloomington, MN-WI","1008","Fireflies","55"
"The Radio Dept.","Chloe","F","93","Cuevas","193.72363","paid","San Francisco-Oakland-Hayward, CA","1041","The Worst Taste In Music (Extended)","49"
"Wilco","Tegan","F","14","Levine","227.65669","paid","Portland-South Portland, ME","1065","War on war","80"
"O-Zone","Chloe","F","94","Cuevas","226.16771","paid","San Francisco-Oakland-Hayward, CA","1041","Despre tine","49"
"Adam Lambert","Austin","M","0","Rosales","227.39546","free","New York-Newark-Jersey City, NY-NJ-PA","967","Whataya Want From Me","12"
"Mission Of Burma","Tegan","F","15","Levine","218.20036","paid","Portland-South Portland, ME","1065","Red","80"
"Danity Kane","Chloe","F","95","Cuevas","247.74485","paid","San Francisco-Oakland-Hayward, CA","1041","Damaged [Feat. Fabolous]","49"
"Radiohead","Tegan","F","16","Levine","223.00689","paid","Portland-South Portland, ME","1065","Sulk","80"
"Fightstar","Wyatt","M","1","Scott","212.61016","free","Eureka-Arcata-Fortuna, CA","1010","The English Way","9"
"Hoobastank","Tegan","F","17","Levine","242.78159","paid","Portland-South Portland, ME","1065","To Be With You","80"
"Bright Eyes","Tegan","F","18","Levine","279.87546","paid","Portland-South Portland, ME","1065","Poison Oak (Album Version)","80"
"Procol Harum","Tegan","F","19","Levine","368.56118","paid","Portland-South Portland, ME","1065","Grand Hotel","80"
"Radiohead","Tegan","F","20","Levine","259.29098","paid","Portland-South Portland, ME","1065","Planet Telex","80"
"Alliance Ethnik","Tegan","F","21","Levine","195.94404","paid","Portland-South Portland, ME","1065","SinceritÃÂ© Et Jalousie","80"
"Muse","Tegan","F","22","Levine","365.45261","paid","Portland-South Portland, ME","1065","New Born","80"
"Steps","Tegan","F","23","Levine","201.76934","paid","Portland-South Portland, ME","1065","5_ 6_ 7_ 8","80"
"John Mayer","Tegan","F","24","Levine","198.19057","paid","Portland-South Portland, ME","1065","The Heart Of Life","80"
"Kings Of Leon","Sean","F","0","Wilson","201.79546","free","Philadelphia-Camden-Wilmington, PA-NJ-DE-MD","21","Revelry","22"
"David Gray","Tegan","F","25","Levine","263.33995","paid","Portland-South Portland, ME","1065","Draw The Line","80"
"King Stitt","Sean","F","1","Wilson","176.27383","free","Philadelphia-Camden-Wilmington, PA-NJ-DE-MD","21","The Ugly One (AKA Lee Van Cleef)","22"
"Tub Ring","Tegan","F","26","Levine","233.69098","paid","Portland-South Portland, ME","1065","Invalid","80"
"Era","Tegan","F","27","Levine","200.56771","paid","Portland-South Portland, ME","1065","Cathar Rhythm","80"
"+ / - {Plus/Minus}","Tegan","F","29","Levine","318.98077","paid","Portland-South Portland, ME","1065","The Queen of Nothing","80"
"Crystal Castles","Tegan","F","30","Levine","175.51628","paid","Portland-South Portland, ME","1065","Good Time","80"
"The Whitest Boy Alive","Tegan","F","31","Levine","234.57914","paid","Portland-South Portland, ME","1065","Figures","80"
"The White Stripes","Tegan","F","32","Levine","194.48118","paid","Portland-South Portland, ME","1065","Bone Broke","80"
"Furthermore","Tegan","F","33","Levine","211.69587","paid","Portland-South Portland, ME","1065","Are You The Walrus?","80"
"Eminem / Bizarre","Tegan","F","34","Levine","244.55791","paid","Portland-South Portland, ME","1065","Amityville","80"
"Florence + The Machine","Tegan","F","35","Levine","185.3122","paid","Portland-South Portland, ME","1065","I'm Not Calling You A Liar","80"
"Soda Stereo","Braden","M","0","Parker","316.73424","free","Youngstown-Warren-Boardman, OH-PA","1007","Signos","74"
"Taylor Swift","Tegan","F","36","Levine","230.47791","paid","Portland-South Portland, ME","1065","You Belong With Me","80"
"Pearl Jam","Tegan","F","38","Levine","283.89832","paid","Portland-South Portland, ME","1065","Rearviewmirror","80"
"The 2 Live Crew","Tegan","F","39","Levine","188.31628","paid","Portland-South Portland, ME","1065","Me So Horny","80"
"311","Tegan","F","40","Levine","113.26649","paid","Portland-South Portland, ME","1065","Loco","80"
"Light Of The World","Kynnedi","F","0","Sanchez","207.0722","free","Cedar Rapids, IA","1029","Midnight Groovin' (7"" Version) (2006 Digital Remaster)","89"
"Professor Longhair","Ann","F","0","Banks","214.20363","free","Salt Lake City, UT","124","Mean Ol'World","99"
"Gary Hobbs","Jahiem","M","1","Miles","245.52444","free","San Antonio-New Braunfels, TX","42","En Mi Mundo","43"
"Lifehouse","Jahiem","M","2","Miles","203.59791","free","San Antonio-New Braunfels, TX","42","We'll Never Know","43"
"Olivia Ruiz","Jahiem","M","3","Miles","254.74567","free","San Antonio-New Braunfels, TX","42","Cabaret Blanco","43"
"Jordan Rudess","Cecilia","F","1","Owens","1367.84934","free","Atlanta-Sandy Springs-Roswell, GA","225","Tarkus","6"
"Deerhunter","Jayden","M","0","Graves","162.08934","paid","Marinette, WI-MI","128","Weird Era","25"
"Daughtry","Jayden","M","1","Graves","249.91302","paid","Marinette, WI-MI","128","No Surprise","25"
"Vinylshakerz","Jayden","M","6","Graves","207.25506","paid","Marinette, WI-MI","128","Club Tropicana","25"
"Barry Tuckwell/Academy of St Martin-in-the-Fields/Sir Neville Marriner","Jayden","M","7","Graves","277.15873","paid","Marinette, WI-MI","128","Horn Concerto No. 4 in E flat K495: II. Romance (Andante cantabile)","25"
"Son House","Jayden","M","8","Graves","182.43873","paid","Marinette, WI-MI","128","Depot Blues","25"
"Jason Mraz & Colbie Caillat","Jayden","M","9","Graves","189.6224","paid","Marinette, WI-MI","128","Lucky (Album Version)","25"
"The Romantics","Jayden","M","10","Graves","233.7171","paid","Marinette, WI-MI","128","Talking In Your Sleep","25"
"The Postal Service","Jayden","M","11","Graves","266.47465","paid","Marinette, WI-MI","128","Such Great Heights","25"
"Tweet","Jayden","M","12","Graves","281.80853","paid","Marinette, WI-MI","128","Always Will (LP Version)","25"
"Gang Starr/Inspectah Deck","Jayden","M","13","Graves","225.07057","paid","Marinette, WI-MI","128","Above The Clouds (Edited)","25"
"Kanye West","Jayden","M","14","Graves","164.38812","paid","Marinette, WI-MI","128","Coldest Winter","25"
"Shunza","Jayden","M","15","Graves","250.93179","paid","Marinette, WI-MI","128","Nan Ni Wan","25"
"Erykah Badu","Jayden","M","16","Graves","286.9024","paid","Marinette, WI-MI","128","Back In The Day","25"
"Mariza","Maia","F","0","Burke","239.3073","free","Houston-The Woodlands-Sugar Land, TX","143","Vielas De Alfama","51"
"Asia 2001","Jayden","M","22","Graves","150.30812","paid","Marinette, WI-MI","128","Epilogue","25"
"Alejandro Sanz","Maia","F","1","Burke","230.24281","free","Houston-The Woodlands-Sugar Land, TX","143","Non E_ Per Te_ Per Me","51"
"The Casualties","Jayden","M","23","Graves","131.23873","paid","Marinette, WI-MI","128","Fight For Your Life","25"
"Alliance Ethnik","Jayden","M","24","Graves","252.21179","paid","Marinette, WI-MI","128","ReprÃÂ©sente","25"
"Hey Monday","Jayden","M","25","Graves","222.98077","paid","Marinette, WI-MI","128","Run_ Don't Walk","25"
"Silverchair","Jayden","M","26","Graves","213.13261","paid","Marinette, WI-MI","128","The Door","25"
"El DeBarge","Jayden","M","27","Graves","323.47383","paid","Marinette, WI-MI","128","Love Always","25"
"Evanescence","Jayden","M","28","Graves","236.12036","paid","Marinette, WI-MI","128","Bring Me To Life","25"
"Ludovico Einaudi","Jayden","M","30","Graves","249.02485","paid","Marinette, WI-MI","128","The Snow Prelude No. 2","25"
"Caifanes","Jayden","M","31","Graves","210.88608","paid","Marinette, WI-MI","128","Ayer Me Dijo Un Ave","25"
"The xx","Jayden","M","32","Graves","188.55138","paid","Marinette, WI-MI","128","Basic Space","25"
"Swizz Beatz","Jayden","M","33","Graves","213.7073","paid","Marinette, WI-MI","128","Big Munny","25"
"OutKast","Jayden","M","34","Graves","239.35955","paid","Marinette, WI-MI","128","Ms. Jackson","25"
"The Black Keys","Jayden","M","35","Graves","300.30322","paid","Marinette, WI-MI","128","The Only One","25"
"Nappy Roots [featuring Anthony Hamilton]","Jayden","M","36","Graves","248.00608","paid","Marinette, WI-MI","128","Po' Folks","25"
"Whitesnake","Jayden","M","37","Graves","250.3571","paid","Marinette, WI-MI","128","Fool For Your Loving","25"
"Foolish Things","Jayden","M","38","Graves","266.86649","paid","Marinette, WI-MI","128","Who Can Compare","25"
"Soda Stereo","Jayden","M","39","Graves","317.6224","paid","Marinette, WI-MI","128","PrÃÂ³fugos","25"
"Edward Sharpe & The Magnetic Zeros","Jayden","M","40","Graves","306.31138","paid","Marinette, WI-MI","128","Home","25"
"Anberlin","Aleena","F","0","Kirby","258.42893","paid","Waterloo-Cedar Falls, IA","196","Dismantle. Repair.","44"
"L-7","Aleena","F","2","Kirby","168.56771","paid","Waterloo-Cedar Falls, IA","196","Shitlist","44"
"Future Of The Left","Aleena","F","4","Kirby","112.63955","paid","Waterloo-Cedar Falls, IA","196","Fingers Become Thumbs","44"
"Franz Ferdinand","Aleena","F","5","Kirby","206.28853","paid","Waterloo-Cedar Falls, IA","196","Call Me","44"
"Travie McCoy","Aleena","F","6","Kirby","211.12118","paid","Waterloo-Cedar Falls, IA","196","Billionaire [feat. Bruno Mars]  (Explicit Album Version)","44"
"Lily Allen","Aleena","F","7","Kirby","194.76853","paid","Waterloo-Cedar Falls, IA","196","Smile","44"
"Rancid","Aleena","F","8","Kirby","223.65995","paid","Waterloo-Cedar Falls, IA","196","Fall Back Down (Album Version)","44"
"Katy Perry","Aleena","F","9","Kirby","228.49261","paid","Waterloo-Cedar Falls, IA","196","I'm Still Breathing","44"
"Freestylers","Aleena","F","10","Kirby","340.06159","paid","Waterloo-Cedar Falls, IA","196","Punks (Krafty Kuts Remix)","44"
"Kid Rock","Rylan","M","1","George","296.95955","free","Birmingham-Hoover, AL","15","All Summer Long (Album Version)","16"
"LITE","Aleena","F","11","Kirby","248.08444","paid","Waterloo-Cedar Falls, IA","196","On A Gloomy Evening","44"
"The Killers","Rylan","M","2","George","220.89098","free","Birmingham-Hoover, AL","15","When You Were Young","16"
"Hymie's Basement","Aleena","F","12","Kirby","175.38567","paid","Waterloo-Cedar Falls, IA","196","Ghost Dream","44"
"Pavement","Aleena","F","13","Kirby","195.73506","paid","Waterloo-Cedar Falls, IA","196","Rooftop Gambler","44"
"Trey Songz","Rylan","M","3","George","205.81832","free","Birmingham-Hoover, AL","15","Can't Help But Wait (Album Version)","16"
"Shakira","Aleena","F","14","Kirby","159.05914","paid","Waterloo-Cedar Falls, IA","196","La Pared","44"
"Billy J Kramer & The Dakotas","Rylan","M","4","George","191.32036","free","Birmingham-Hoover, AL","15","Tennessee Waltz (Live)","16"
"Arctic Monkeys","Aleena","F","15","Kirby","138.10893","paid","Waterloo-Cedar Falls, IA","196","D is for Dangerous","44"
"Dashboard Confessional","Rylan","M","5","George","224.54812","free","Birmingham-Hoover, AL","15","Ghost Of A Good Thing","16"
"Moby","Aleena","F","18","Kirby","196.75383","paid","Waterloo-Cedar Falls, IA","196","Lift Me Up","44"
"Dan Deacon","Aleena","F","19","Kirby","483.89179","paid","Waterloo-Cedar Falls, IA","196","Snookered","44"
"Puddle Of Mudd","Aleena","F","20","Kirby","210.80771","paid","Waterloo-Cedar Falls, IA","196","Psycho","44"
"Red Hot Chili Peppers","Aleena","F","21","Kirby","334.65424","paid","Waterloo-Cedar Falls, IA","196","Snow [Hey Oh] (Album Version)","44"
"The Barbarians","Aleena","F","22","Kirby","149.44608","paid","Waterloo-Cedar Falls, IA","196","Memphis_ Tennessee","44"
"Julia Fordham","Aleena","F","23","Kirby","213.44608","paid","Waterloo-Cedar Falls, IA","196","Jump (Live)","44"
"Alicia Keys","Aleena","F","24","Kirby","455.52281","paid","Waterloo-Cedar Falls, IA","196","Streets Of New York (City Life)","44"
"Regina Spektor","Aleena","F","25","Kirby","247.69261","paid","Waterloo-Cedar Falls, IA","196","Another Town","44"
"Deborah Harry & Iggy Pop","Aleena","F","26","Kirby","207.49016","paid","Waterloo-Cedar Falls, IA","196","Well Did You Evah!","44"
"Dr. Dre / Eminem / Alvin Joiner","Aleena","F","27","Kirby","244.21832","paid","Waterloo-Cedar Falls, IA","196","What's The Difference","44"
"Marcel Woods","Aleena","F","28","Kirby","424.33261","paid","Waterloo-Cedar Falls, IA","196","Advanced (Ton T.B. Mix)","44"
"OneRepublic","Aleena","F","29","Kirby","208.14322","paid","Waterloo-Cedar Falls, IA","196","Apologize","44"
"Beastie Boys","Aleena","F","30","Kirby","172.22485","paid","Waterloo-Cedar Falls, IA","196","The Maestro","44"
"Paramore","Aleena","F","31","Kirby","267.65016","paid","Waterloo-Cedar Falls, IA","196","The Only Exception (Album Version)","44"
"Varios","Aleena","F","32","Kirby","204.64281","paid","Waterloo-Cedar Falls, IA","196","Hasta siempre","44"
"The Black Keys","Aleena","F","33","Kirby","191.76444","paid","Waterloo-Cedar Falls, IA","196","Howlin For You","44"
"Muse","Aleena","F","34","Kirby","198.79138","paid","Waterloo-Cedar Falls, IA","196","Feeling Good","44"
"Frankie J","Aleena","F","35","Kirby","254.32771","paid","Waterloo-Cedar Falls, IA","196","Daddy's Little Girl","44"
"Kirk Franklin & The Family","Aleena","F","36","Kirby","418.71628","paid","Waterloo-Cedar Falls, IA","196","Now Behold The Lamb","44"
"Cooly's Hot Box","Aleena","F","37","Kirby","371.06893","paid","Waterloo-Cedar Falls, IA","196","Make Me Happy","44"
"Ron Van Den Beuken","Cecilia","F","0","Owens","506.5922","free","Atlanta-Sandy Springs-Roswell, GA","229","Timeless","6"
"Sparks","Aleena","F","38","Kirby","199.02649","paid","Waterloo-Cedar Falls, IA","196","Lost And Found","44"
"Regina Spektor","Aleena","F","39","Kirby","191.08526","paid","Waterloo-Cedar Falls, IA","196","The Calculation (Album Version)","44"
"Subhumans","Aleena","F","40","Kirby","209.37098","paid","Waterloo-Cedar Falls, IA","196","Rain","44"
"Sia","Aleena","F","43","Kirby","302.602","paid","Waterloo-Cedar Falls, IA","196","Beautiful Calm Driving","44"
"Shadows Fall","Aleena","F","44","Kirby","178.65098","paid","Waterloo-Cedar Falls, IA","196","Lead Me Home","44"
"Eminem / Dr. Dre / 50 Cent","Aleena","F","45","Kirby","297.56036","paid","Waterloo-Cedar Falls, IA","196","Crack A Bottle","44"
"Vampire Weekend","Aleena","F","46","Kirby","195.7873","paid","Waterloo-Cedar Falls, IA","196","Oxford Comma (Album)","44"
"Eddie Floyd","Lily","F","1","Burns","198.19057","free","New York-Newark-Jersey City, NY-NJ-PA","31","Guess Who","32"
"The Swell Season","Sylvie","F","0","Cruz","319.13751","free","Washington-Arlington-Alexandria, DC-VA-MD-WV","220","If You Want Me (Live)","10"
"Alex Band","Jordan","F","0","Hicks","238.8371","free","Salinas, CA","145","Tonight (Single Mix)","37"
"Nightwish","Sylvie","F","1","Cruz","305.97179","free","Washington-Arlington-Alexandria, DC-VA-MD-WV","220","The Islander","10"
"Cartola","Brantley","M","0","West","172.12036","free","Portland-Vancouver-Hillsboro, OR-WA","133","As Rosas NÃÂ£o Falam","28"
"Vampire Weekend","Brantley","M","1","West","269.16526","free","Portland-Vancouver-Hillsboro, OR-WA","133","I Think Ur A Contra","28"
"Sebadoh","Brantley","M","2","West","210.18077","free","Portland-Vancouver-Hillsboro, OR-WA","133","Hassle","28"
"Incubus","Brantley","M","3","West","212.74077","free","Portland-Vancouver-Hillsboro, OR-WA","133","Wish You Were Here","28"
"Blue States","Brantley","M","4","West","239.3073","free","Portland-Vancouver-Hillsboro, OR-WA","133","Allies","28"
"Octopus Project","Magdalene","F","1","Herman","498.33751","free","Dallas-Fort Worth-Arlington, TX","141","Hypnopaedia","77"
"Mike Posner","Jahiem","M","0","Miles","214.7522","free","San Antonio-New Braunfels, TX","228","Cooler Than Me","43"
"Alliance Ethnik","Chloe","F","0","Roth","252.21179","free","Indianapolis-Carmel-Anderson, IN","176","ReprÃÂ©sente","78"
"Gang Starr/Inspectah Deck","Chloe","F","3","Roth","225.07057","free","Indianapolis-Carmel-Anderson, IN","176","Above The Clouds (Edited)","78"
"Was (Not Was)","Braden","M","1","Parker","239.15057","free","Youngstown-Warren-Boardman, OH-PA","164","Shake Your Head","74"
"23 Skidoo","Chloe","F","4","Roth","370.88608","free","Indianapolis-Carmel-Anderson, IN","176","Crossfire","78"
"Dwight Yoakam","Chloe","F","5","Roth","239.3073","free","Indianapolis-Carmel-Anderson, IN","176","You're The One","78"
"Finger Eleven","Adler","M","1","Barrera","259.68281","free","New York-Newark-Jersey City, NY-NJ-PA","198","Obvious Heart","100"
"Shaggy","Adler","M","2","Barrera","212.97587","free","New York-Newark-Jersey City, NY-NJ-PA","198","Intoxication","100"
"Kid Cudi","Anabelle","F","0","Simpson","227.34322","free","Philadelphia-Camden-Wilmington, PA-NJ-DE-MD","235","Up Up & Away","69"
"Klaus Doldinger's Passport","Adler","M","3","Barrera","460.43383","free","New York-Newark-Jersey City, NY-NJ-PA","198","Fairy Tale","100"
"Aesop Rock","Anabelle","F","1","Simpson","245.65506","free","Philadelphia-Camden-Wilmington, PA-NJ-DE-MD","235","None Shall Pass (Main)","69"
"Salt 'n' Pepa with En Vogue","Bronson","M","0","Harris","296.202","free","Eugene, OR","134","Whatta Man (Salt-N-Pepa Featuring En Vogue) (EP Version)","33"
"Tiger Army","Bronson","M","1","Harris","129.38404","free","Eugene, OR","134","Ghost Tigers Rise (Album Version)","33"
"NEEDTOBREATHE","Bronson","M","2","Harris","225.82812","free","Eugene, OR","134","Don't Wait For Daylight (Album Version)","33"
"Baby Huey & The Baby Sitters","Tegan","F","0","Levine","194.7424","free","Portland-South Portland, ME","243","Hard Times (LP Version)","80"
"Justin Bieber","Tegan","F","1","Levine","220.89098","free","Portland-South Portland, ME","243","Somebody To Love","80"
"David Byrne & Fatboy Slim feat. Charmaine Clamor","Tegan","F","2","Levine","238.65424","free","Portland-South Portland, ME","243","Walk Like A Woman (Album Version)","80"
"Taylor Swift","Tegan","F","3","Levine","230.47791","free","Portland-South Portland, ME","243","You Belong With Me","80"
"Ottmar Liebert","Tegan","F","4","Levine","174.54975","free","Portland-South Portland, ME","243","Festival (Of 7 Lights)","80"
"The Roots","Jacob","M","0","Klein","285.6224","paid","Tampa-St. Petersburg-Clearwater, FL","72","Dynamite!","73"
"Foo Fighters","Jacob","M","1","Klein","235.28444","paid","Tampa-St. Petersburg-Clearwater, FL","72","Learn To Fly","73"
"El Hombre Burbuja","Jacob","M","2","Klein","161.33179","paid","Tampa-St. Petersburg-Clearwater, FL","72","Buzos (En La Luna)","73"
"Rock Kills Kid","Jacob","M","3","Klein","271.38567","paid","Tampa-St. Petersburg-Clearwater, FL","72","Back To Life (Album Version)","73"
"Manu Chao","Jacob","M","4","Klein","288.15628","paid","Tampa-St. Petersburg-Clearwater, FL","72","Me Quedo Contigo [Si Me Das A Elegir]","73"
"B.o.B","Jacob","M","5","Klein","269.63546","paid","Tampa-St. Petersburg-Clearwater, FL","72","Nothin' On You [feat. Bruno Mars] (Album Version)","73"
"Baby Boy Da Prince / Mannie Fresh","Jacob","M","6","Klein","235.2322","paid","Tampa-St. Petersburg-Clearwater, FL","72","Naw Meen","73"
"Gerry Rafferty","Jacob","M","7","Klein","224.39138","paid","Tampa-St. Petersburg-Clearwater, FL","72","Don't Close The Door","73"
"the bird and the bee","Jacob","M","10","Klein","165.642","paid","Tampa-St. Petersburg-Clearwater, FL","72","Again & Again","73"
"Blur","Jacob","M","11","Klein","361.58649","paid","Tampa-St. Petersburg-Clearwater, FL","72","Sing","73"
"Puerto Rican Power","Jacob","M","12","Klein","305.44934","paid","Tampa-St. Petersburg-Clearwater, FL","72","Juguete De Nadie","73"
"Hercules And Love Affair","Jacob","M","13","Klein","471.74485","paid","Tampa-St. Petersburg-Clearwater, FL","72","Blind (Frankie Knuckles Remix)","73"
"BeyoncÃÂ©","Jacob","M","14","Klein","235.67628","paid","Tampa-St. Petersburg-Clearwater, FL","72","Kitty Kat","73"
"Burt Bacharach","Jacob","M","15","Klein","200.54159","paid","Tampa-St. Petersburg-Clearwater, FL","72","Pacific Coast Highway","73"
"Common","Jacob","M","16","Klein","144.16934","paid","Tampa-St. Petersburg-Clearwater, FL","72","Be (Intro)","73"
"Ra Ra Riot","Jacob","M","17","Klein","152.71138","paid","Tampa-St. Petersburg-Clearwater, FL","72","Can You Tell","73"
"Flyleaf","Jacob","M","18","Klein","167.8624","paid","Tampa-St. Petersburg-Clearwater, FL","72","There For You","73"
"Neil Young","Jacob","M","19","Klein","414.69342","paid","Tampa-St. Petersburg-Clearwater, FL","72","Danger Bird (Album Version)","73"
"A Day To Remember","Jacob","M","20","Klein","87.50975","paid","Tampa-St. Petersburg-Clearwater, FL","72","You Already Know What You Are","73"
"Del Tha Funkee Homosapien","Jacob","M","21","Klein","199.07873","paid","Tampa-St. Petersburg-Clearwater, FL","72","Sleepin' On My Couch","73"
"Leopoldo Federico","Jacob","M","22","Klein","205.73995","paid","Tampa-St. Petersburg-Clearwater, FL","72","La Cachila","73"
"Moose","Jacob","M","23","Klein","490.21342","paid","Tampa-St. Petersburg-Clearwater, FL","72","Do You Remember","73"
"Wyclef Jean","Jacob","M","24","Klein","242.07628","paid","Tampa-St. Petersburg-Clearwater, FL","72","Knockin' On Heaven's Door","73"
"Alvin And The Chipmunks","Jacob","M","25","Klein","166.47791","paid","Tampa-St. Petersburg-Clearwater, FL","72","Coast 2 Coast","73"
"Anthrax","Jacob","M","26","Klein","458.23955","paid","Tampa-St. Petersburg-Clearwater, FL","72","Who Cares Wins","73"
"Beatsteaks","Jacob","M","27","Klein","177.8673","paid","Tampa-St. Petersburg-Clearwater, FL","72","Jane Became Insane","73"
"Nouvelle Vague","Anabelle","F","0","Simpson","132.70159","free","Philadelphia-Camden-Wilmington, PA-NJ-DE-MD","249","Too Drunk Too F****","69"
"Mastodon","Anabelle","F","1","Simpson","218.87955","free","Philadelphia-Camden-Wilmington, PA-NJ-DE-MD","249","Divinations (Album Version)","69"
"The Killers","Anabelle","F","2","Simpson","245.99465","free","Philadelphia-Camden-Wilmington, PA-NJ-DE-MD","249","Sam's Town","69"
"Alanis Morissette","Stefany","F","0","White","175.82975","free","Lubbock, TX","186","Right Through You (LP Version)","83"
